Release,ReleaseCirca,Countrycode,Region,Spell,Type,YearT0,Survname0,LevelT0,WelfareT0variable,YearT1,Survname1,LevelT1,WelfareT1variable,RefT0,RefT1,Latest,passthrough,datatype
AM2016,2008-2013,ALB,ECA,2008-2012,C,2008,LSMS,HH,welfare,2012,LSMS,IND,welfare,2008,2012,2012,.87,gpwg
AM2020,2012-2017,ALB,ECA,2014-2017,C,2014,HBS,HH,welfare,2017,HBS,IND,welfare,2014,2017,2017,.87,gpwg
AM2014,2006-2011,ARG,LAC,2006-2011,I,2006,EPHC-S2,IND,welfare,2011,EPHC-S2,IND,welfare,2006,2011,,.87,gpwg
AM2015,2007-2012,ARG,LAC,2007-2012,I,2007,EPHC-S2,IND,welfare,2012,EPHC-S2,IND,welfare,2007,2012,,.87,gpwg
AM2017,2009-2014,ARG,LAC,2009-2014,I,2009,EPHC-S2,IND,welfare,2014,EPHC-S2,IND,welfare,2009,2014,,.87,gpwg
SM2018,2010-2015,ARG,LAC,2011-2016,I,2011,EPHC-S2,IND,welfare,2016,EPHC-S2,IND,welfare,2011,2016,2016,.87,gpwg
SM2019,2011-2016,ARG,LAC,2012-2017,I,2012,EPHC-S2,IND,welfare,2017,EPHC-S2,IND,welfare,2012,2017,2017,.87,gpwg
AM2020,2012-2017,ARG,LAC,2013-2018,I,2013,EPHC-S2,IND,welfare,2018,EPHC-S2,IND,welfare,2013,2018,2018,.87,gpwg
AM2014,2006-2011,ARM,ECA,2006-2011,C,2006,ILCS,IND,welfare,2011,ILCS,HH,welfare,2006,2011,,.87,gpwg
AM2015,2007-2012,ARM,ECA,2008-2013,C,2008,ILCS,IND,welfare,2013,ILCS,HH,welfare,2008,2013,,.87,gpwg
AM2016,2008-2013,ARM,ECA,2009-2014,C,2009,ILCS,IND,welfare,2014,ILCS,HH,welfare,2009,2014,,.87,gpwg
AM2017,2009-2014,ARM,ECA,2010-2015,C,2010,ILCS,IND,welfare,2015,ILCS,HH,welfare,2010,2015,,.87,gpwg
AM2018,2010-2015,ARM,ECA,2011-2016,C,2011,ILCS,IND,welfare,2016,ILCS,HH,welfare,2011,2016,2016,.87,gpwg
SM2019,2011-2016,ARM,ECA,2012-2017,C,2012,ILCS,IND,welfare,2017,ILCS,HH,welfare,2012,2017,2017,.87,gpwg
SM2020,2012-2017,ARM,ECA,2013-2018,C,2013,ILCS,IND,welfare,2018,ILCS,HH,welfare,2013,2018,2018,.87,gpwg
AM2015,2007-2012,AUT,ECA-HI,2007-2012,I,2008,EU-SILC,IND,welfare,2013,EU-SILC,IND,welfare,2007,2012,,.87,gpwg
AM2017,2009-2014,AUT,ECA-HI,2009-2014,I,2010,EU-SILC,IND,welfare,2015,EU-SILC,IND,welfare,2009,2014,,.87,gpwg
SM2018,2010-2015,AUT,ECA-HI,2010-2015,I,2011,EU-SILC,IND,welfare,2016,EU-SILC,IND,welfare,2010,2015,2014,.87,gpwg
AM2020,2012-2017,AUT,ECA-HI,2012-2017,I,2013,EU-SILC,IND,welfare,2018,EU-SILC,IND,welfare,2012,2017,2017,.87,gpwg
AM2015,2007-2012,BEL,ECA-HI,2007-2012,I,2008,EU-SILC,IND,welfare,2013,EU-SILC,IND,welfare,2007,2012,,.87,gpwg
AM2017,2009-2014,BEL,ECA-HI,2009-2014,I,2010,EU-SILC,IND,welfare,2015,EU-SILC,IND,welfare,2009,2014,,.87,gpwg
SM2019,2011-2016,BEL,ECA-HI,2010-2015,I,2011,EU-SILC,IND,welfare,2016,EU-SILC,IND,welfare,2010,2015,2015,.87,gpwg
AM2020,2012-2017,BEL,ECA-HI,2012-2017,I,2013,EU-SILC,IND,welfare,2018,EU-SILC,IND,welfare,2012,2017,2017,.87,gpwg
AM2017,2009-2014,BEN,SSA,2011-2015,C,2011,EMICOV,HH,welfare,2015,EMICOV,HH,welfare,2011.33,2015,2015,.87,gpwg
SM2019,2011-2016,BFA,SSA,2009-2014,C,2009,ECVM,HH,welfare,2014,EMC,HH,welfare,2009,2014,2014,.87,gpwg
AM2014,2006-2011,BGD,SAR,2005-2010,C,2005,HIES,IND,welfare,2010,HIES,IND,welfare,2005,2010,,.87,gpwg
SM2020,2012-2017,BGD,SAR,2010-2016,C,2010,HIES,IND,welfare,2016,HIES,IND,welfare,2010,2016,2016,.87,gpwg
AM2014,2006-2011,BGR,ECA,2007-2011,I,2008,EU-SILC,IND,welfare,2012,EU-SILC,IND,welfare,2007,2011,,.87,gpwg
AM2016,2008-2013,BGR,ECA,2007-2012,I,2008,EU-SILC,IND,welfare,2013,EU-SILC,IND,welfare,2007,2012,,.87,gpwg
SM2018,2010-2015,BGR,ECA,2009-2014,I,2010,EU-SILC,IND,welfare,2015,EU-SILC,IND,welfare,2009,2014,2014,.87,gpwg
AM2018,2010-2015,BIH,ECA,2011-2015,C,2011,HBS,IND,welfare,2015,HBS,IND,welfare,2011,2015,2015,.87,gpwg
AM2014,2006-2011,BLR,ECA,2006-2011,C,2006,HHS,HH,welfare,2011,HHS,HH,welfare,2006,2011,,.87,gpwg
AM2016,2008-2013,BLR,ECA,2009-2014,C,2009,HHS,HH,welfare,2014,HHS,HH,welfare,2009,2014,,.87,gpwg
SM2018,2010-2015,BLR,ECA,2011-2016,C,2011,HHS,HH,welfare,2016,HHS,HH,welfare,2011,2016,,.87,gpwg
SM2019,2011-2016,BLR,ECA,2012-2017,C,2012,HHS,HH,welfare,2017,HHS,HH,welfare,2012,2017,2017,.87,gpwg
SM2020,2012-2017,BLR,ECA,2013-2018,C,2013,HHS,HH,welfare,2018,HHS,HH,welfare,2013,2018,2018,.87,gpwg
AM2014,2006-2011,BOL,LAC,2006-2011,I,2006,EH,IND,welfare,2011,EH,IND,welfare,2006,2011,,.87,gpwg
AM2015,2007-2012,BOL,LAC,2007-2012,I,2007,EH,IND,welfare,2012,EH,IND,welfare,2007,2012,,.87,gpwg
AM2016,2008-2013,BOL,LAC,2009-2014,I,2009,EH,IND,welfare,2014,EH,IND,welfare,2009,2014,,.87,gpwg
AM2018,2010-2015,BOL,LAC,2011-2016,I,2011,EH,IND,welfare,2016,EH,IND,welfare,2011,2016,2016,.87,gpwg
AM2019,2011-2016,BOL,LAC,2012-2017,I,2012,EH,IND,welfare,2017,EH,IND,welfare,2012,2017,2017,.87,gpwg
AM2020,2012-2017,BOL,LAC,2013-2018,I,2013,EH,IND,welfare,2018,EH,IND,welfare,2013,2018,2018,.87,gpwg
AM2014,2006-2011,BRA,LAC,2006-2011,I,2006,PNAD,IND,welfare,2011,PNAD,IND,welfare,2006,2011,,.87,gpwg
SM2019,2011-2016,BRA,LAC,2012-2015,I,2012,PNADC-E1,IND,welfare,2015,PNADC-E1,IND,welfare,2012,2015,2017,.87,gpwg
SM2020,2012-2017,BRA,LAC,2013-2018,I,2013,PNADC-E1,IND,welfare,2018,PNADC-E1,IND,welfare,2013,2018,2018,.87,gpwg
AM2016,2008-2013,BTN,SAR,2007-2012,C,2007,BLSS,IND,welfare,2012,BLSS,IND,welfare,2007,2012,2012,.87,gpwg
AM2020,2012-2017,BTN,SAR,2012-2017,C,2012,BLSS,IND,welfare,2017,BLSS,IND,welfare,2012,2017,2017,.87,gpwg
AM2014,2006-2011,BWA,SSA,2002-2009,C,2002,HIES,HH,welfare,2009,CWIS,HH,welfare,2002.53,2009.25,2009,.87,gpwg
AM2020,2012-2017,BWA,SSA,2009-2015,C,2009,CWIS,HH,welfare,2015,BMTHS,HH,welfare,2009.25,2015.85,2015,.87,gpwg
SM2019,2011-2016,CAN,HI,2010-2013,I,2010,SLID-LIS,,welfare,2013,CIS-LIS,,welfare,2010,2013,,.87,pcn
AM2020,2012-2017,CAN,HI,2012-2017,I,2012,CIS-LIS,HH,welfare,2017,CIS-LIS,HH,welfare,2012,2017,,.87,pcn
AM2016,2008-2013,CHE,ECA-HI,2007-2012,I,2008,EU-SILC,IND,welfare,2013,EU-SILC,IND,welfare,2007,2012,,.87,gpwg
AM2017,2009-2014,CHE,ECA-HI,2008-2013,I,2009,EU-SILC,IND,welfare,2014,EU-SILC,IND,welfare,2008,2013,,.87,gpwg
SM2018,2010-2015,CHE,ECA-HI,2009-2014,I,2010,EU-SILC,IND,welfare,2015,EU-SILC,IND,welfare,2009,2014,2013,.87,gpwg
SM2019,2011-2016,CHE,ECA-HI,2010-2015,I,2011,EU-SILC,IND,welfare,2016,EU-SILC,IND,welfare,2010,2015,2015,.87,gpwg
AM2020,2012-2017,CHE,ECA-HI,2012-2017,I,2013,EU-SILC,IND,welfare,2018,EU-SILC,IND,welfare,2012,2017,2017,.87,gpwg
AM2014,2006-2011,CHL,LAC,2006-2011,I,2006,CASEN,IND,welfare,2011,CASEN,IND,welfare,2006,2011,,.87,gpwg
AM2016,2008-2013,CHL,LAC,2009-2013,I,2009,CASEN,IND,welfare,2013,CASEN,IND,welfare,2009,2013,,.87,gpwg
AM2017,2009-2014,CHL,LAC,2009-2015,I,2009,CASEN,IND,welfare,2015,CASEN,IND,welfare,2009,2015,,.87,gpwg
AM2020,2012-2017,CHL,LAC,2013-2017,I,2013,CASEN,IND,welfare,2017,CASEN,IND,welfare,2013,2017,2017,.87,gpwg
AM2017,2009-2014,CIV,SSA,2008-2015,C,2008,ENV,HH,welfare,2015,ENV,HH,welfare,2008,2015,2015,.87,gpwg
AM2017,2009-2014,CMR,SSA,2007-2014,C,2007,ECAM-III,HH,welfare,2014,ECAM-IV,HH,welfare,2007,2014,2014,.87,gpwg
AM2015,2007-2012,COD,SSA,2004-2012,C,2004,E123,HH,welfare,2012,E123,HH,welfare,2004.89,2012.4,2012,.87,gpwg
AM2016,2008-2013,COG,SSA,2005-2011,C,2005,ECOM,HH,welfare,2011,ECOM,HH,welfare,2005,2011.67,2011,.87,gpwg
AM2014,2006-2011,COL,LAC,2008-2011,I,2008,GEIH,IND,welfare,2011,GEIH,IND,welfare,2008,2011,,.87,gpwg
AM2015,2007-2012,COL,LAC,2008-2012,I,2008,GEIH,IND,welfare,2012,GEIH,IND,welfare,2008,2012,,.87,gpwg
AM2016,2008-2013,COL,LAC,2009-2014,I,2009,GEIH,IND,welfare,2014,GEIH,IND,welfare,2009,2014,,.87,gpwg
AM2017,2009-2014,COL,LAC,2010-2015,I,2010,GEIH,IND,welfare,2015,GEIH,IND,welfare,2010,2015,,.87,gpwg
SM2018,2010-2015,COL,LAC,2011-2016,I,2011,GEIH,IND,welfare,2016,GEIH,IND,welfare,2011,2016,2016,.87,gpwg
AM2019,2011-2016,COL,LAC,2012-2017,I,2012,GEIH,IND,welfare,2017,GEIH,IND,welfare,2012,2017,2017,.87,gpwg
AM2020,2012-2017,COL,LAC,2013-2018,I,2013,GEIH,IND,welfare,2018,GEIH,IND,welfare,2013,2018,2018,.87,gpwg
AM2014,2006-2011,CRI,LAC,2004-2009,I,2004,EHPM,IND,welfare,2009,EHPM,IND,welfare,2004,2009,,.87,gpwg
AM2015,2007-2012,CRI,LAC,2010-2013,I,2010,ENAHO,IND,welfare,2013,ENAHO,IND,welfare,2010,2013,,.87,gpwg
AM2016,2008-2013,CRI,LAC,2010-2014,I,2010,ENAHO,IND,welfare,2014,ENAHO,IND,welfare,2010,2014,,.87,gpwg
AM2017,2009-2014,CRI,LAC,2010-2015,I,2010,ENAHO,IND,welfare,2015,ENAHO,IND,welfare,2010,2015,,.87,gpwg
SM2018,2010-2015,CRI,LAC,2011-2016,I,2011,ENAHO,IND,welfare,2016,ENAHO,IND,welfare,2011,2016,2016,.87,gpwg
SM2019,2011-2016,CRI,LAC,2012-2017,I,2012,ENAHO,IND,welfare,2017,ENAHO,IND,welfare,2012,2017,2017,.87,gpwg
AM2020,2012-2017,CRI,LAC,2013-2018,I,2013,ENAHO,IND,welfare,2018,ENAHO,IND,welfare,2013,2018,2018,.87,gpwg
AM2016,2008-2013,CYP,ECA-HI,2007-2012,I,2008,EU-SILC,IND,welfare,2013,EU-SILC,IND,welfare,2007,2012,,.87,gpwg
AM2017,2009-2014,CYP,ECA-HI,2009-2014,I,2010,EU-SILC,IND,welfare,2015,EU-SILC,IND,welfare,2009,2014,,.87,gpwg
SM2019,2011-2016,CYP,ECA-HI,2010-2015,I,2011,EU-SILC,IND,welfare,2016,EU-SILC,IND,welfare,2010,2015,2015,.87,gpwg
AM2020,2012-2017,CYP,ECA-HI,2012-2017,I,2013,EU-SILC,IND,welfare,2018,EU-SILC,IND,welfare,2012,2017,2017,.87,gpwg
AM2014,2006-2011,CZE,ECA,2006-2011,I,2007,EU-SILC,IND,welfare,2012,EU-SILC,IND,welfare,2006,2011,,.87,gpwg
AM2016,2008-2013,CZE,ECA,2007-2012,I,2008,EU-SILC,IND,welfare,2013,EU-SILC,IND,welfare,2007,2012,,.87,gpwg
AM2017,2009-2014,CZE,ECA,2009-2014,I,2010,EU-SILC,IND,welfare,2015,EU-SILC,IND,welfare,2009,2014,,.87,gpwg
SM2019,2011-2016,CZE,ECA,2010-2015,I,2011,EU-SILC,IND,welfare,2016,EU-SILC,IND,welfare,2010,2015,2015,.87,gpwg
SM2020,2012-2017,CZE,ECA,2012-2017,I,2013,EU-SILC,IND,welfare,2018,EU-SILC,IND,welfare,2012,2017,2017,.87,gpwg
AM2016,2008-2013,DEU,ECA-HI,2006-2011,I,2006,GSOEP-LIS,IND,welfare,2011,GSOEP-LIS,IND,welfare,2006,2011,,.87,pcn
AM2017,2009-2014,DEU,ECA-HI,2007-2011,I,2007,GSOEP-LIS,IND,welfare,2011,GSOEP-LIS,IND,welfare,2007,2011,,.87,pcn
AM2019,2011-2016,DEU,ECA-HI,2010-2015,I,2010,GSOEP-LIS,IND,welfare,2015,GSOEP-LIS,IND,welfare,2010,2015,2011,.87,pcn
SM2020,2012-2017,DEU,ECA-HI,2011-2016,I,2011,GSOEP-LIS,IND,welfare,2016,GSOEP-LIS,IND,welfare,2011,2016,2016,.87,pcn
AM2015,2007-2012,DNK,ECA-HI,2007-2012,I,2008,EU-SILC,IND,welfare,2013,EU-SILC,IND,welfare,2007,2012,,.87,gpwg
AM2017,2009-2014,DNK,ECA-HI,2009-2014,I,2010,EU-SILC,IND,welfare,2015,EU-SILC,IND,welfare,2009,2014,,.87,gpwg
SM2019,2011-2016,DNK,ECA-HI,2010-2015,I,2011,EU-SILC,IND,welfare,2016,EU-SILC,IND,welfare,2010,2015,2015,.87,gpwg
SM2020,2012-2017,DNK,ECA-HI,2012-2017,I,2013,EU-SILC,IND,welfare,2018,EU-SILC,IND,welfare,2012,2017,2017,.87,gpwg
AM2014,2006-2011,DOM,LAC,2006-2011,I,2006,ENFT,IND,welfare,2011,ENFT,IND,welfare,2006,2011,,.87,gpwg
AM2015,2007-2012,DOM,LAC,2007-2012,I,2007,ENFT,IND,welfare,2012,ENFT,IND,welfare,2007,2012,,.87,gpwg
AM2016,2008-2013,DOM,LAC,2009-2013,I,2009,ENFT,IND,welfare,2013,ENFT,IND,welfare,2009,2013,,.87,gpwg
AM2017,2009-2014,DOM,LAC,2010-2015,I,2010,ENFT,IND,welfare,2015,ENFT,IND,welfare,2010,2015,,.87,gpwg
SM2019,2011-2016,DOM,LAC,2011-2016,I,2011,ENFT,IND,welfare,2016,ENFT,IND,welfare,2011,2016,2016,.87,gpwg
AM2014,2006-2011,ECU,LAC,2007-2011,I,2007,ENEMDU,IND,welfare,2011,ENEMDU,IND,welfare,2007,2011,,.87,gpwg
AM2015,2007-2012,ECU,LAC,2007-2012,I,2007,ENEMDU,IND,welfare,2012,ENEMDU,IND,welfare,2007,2012,,.87,gpwg
AM2016,2008-2013,ECU,LAC,2009-2014,I,2009,ENEMDU,IND,welfare,2014,ENEMDU,IND,welfare,2009,2014,,.87,gpwg
AM2017,2009-2014,ECU,LAC,2010-2015,I,2010,ENEMDU,IND,welfare,2015,ENEMDU,IND,welfare,2010,2015,,.87,gpwg
AM2018,2010-2015,ECU,LAC,2011-2016,I,2011,ENEMDU,IND,welfare,2016,ENEMDU,IND,welfare,2011,2016,2016,.87,gpwg
AM2019,2011-2016,ECU,LAC,2012-2017,I,2012,ENEMDU,IND,welfare,2017,ENEMDU,IND,welfare,2012,2017,2017,.87,gpwg
SM2020,2012-2017,ECU,LAC,2013-2018,I,2013,ENEMDU,IND,welfare,2018,ENEMDU,IND,welfare,2013,2018,2018,.87,gpwg
SM2018,2010-2015,EGY,MNA,2010-2012,C,2010,HIECS,HH,welfare,2012,HIECS,HH,welfare,2010.49,2012.49,2015,.87,gpwg
AM2019,2011-2016,EGY,MNA,2012-2015,C,2012,HIECS,HH,welfare,2015,HIECS,HH,welfare,2012.49,2015,2015,.87,gpwg
SM2020,2012-2017,EGY,MNA,2012-2017,C,2012,HIECS,HH,welfare,2017,HIECS,HH,welfare,2012.49,2017.75,2017,.87,gpwg
AM2016,2008-2013,ESP,ECA-HI,2007-2012,I,2008,EU-SILC,IND,welfare,2013,EU-SILC,IND,welfare,2007,2012,,.87,gpwg
AM2017,2009-2014,ESP,ECA-HI,2008-2014,I,2009,EU-SILC,IND,welfare,2015,EU-SILC,IND,welfare,2008,2014,,.87,gpwg
SM2019,2011-2016,ESP,ECA-HI,2010-2015,I,2011,EU-SILC,IND,welfare,2016,EU-SILC,IND,welfare,2010,2015,2015,.87,gpwg
AM2020,2012-2017,ESP,ECA-HI,2012-2017,I,2013,EU-SILC,IND,welfare,2018,EU-SILC,IND,welfare,2012,2017,2017,.87,gpwg
AM2014,2006-2011,EST,ECA,2005-2010,I,2006,EU-SILC,IND,welfare,2011,EU-SILC,IND,welfare,2005,2010,,.87,gpwg
AM2016,2008-2013,EST,ECA,2007-2012,I,2008,EU-SILC,IND,welfare,2013,EU-SILC,IND,welfare,2007,2012,,.87,gpwg
AM2017,2009-2014,EST,ECA,2009-2014,I,2010,EU-SILC,IND,welfare,2015,EU-SILC,IND,welfare,2009,2014,,.87,gpwg
AM2018,2010-2015,EST,ECA,2010-2015,I,2011,EU-SILC,IND,welfare,2016,EU-SILC,IND,welfare,2010,2015,2015,.87,gpwg
AM2020,2012-2017,EST,ECA,2012-2017,I,2013,EU-SILC,IND,welfare,2018,EU-SILC,IND,welfare,2012,2017,2017,.87,gpwg
AM2015,2007-2012,ETH,SSA,2004-2010,C,2004,HICES,HH,welfare,2010,HICES,HH,welfare,2004.5,2010.5,,.87,gpwg
AM2020,2012-2017,ETH,SSA,2010-2015,C,2010,HICES,HH,welfare,2015,HICES,HH,welfare,2010.5,2015.5,2015,.87,gpwg
AM2015,2007-2012,FIN,ECA-HI,2007-2012,I,2008,EU-SILC,IND,welfare,2013,EU-SILC,IND,welfare,2007,2012,,.87,gpwg
AM2017,2009-2014,FIN,ECA-HI,2009-2014,I,2010,EU-SILC,IND,welfare,2015,EU-SILC,IND,welfare,2009,2014,,.87,gpwg
SM2019,2011-2016,FIN,ECA-HI,2010-2015,I,2011,EU-SILC,IND,welfare,2016,EU-SILC,IND,welfare,2010,2015,2015,.87,gpwg
SM2020,2012-2017,FIN,ECA-HI,2012-2017,I,2013,EU-SILC,IND,welfare,2018,EU-SILC,IND,welfare,2012,2017,2017,.87,gpwg
AM2017,2009-2014,FJI,EAP,2008-2013,C,2008,HIES,HH,welfareused,2013,HIES,HH,welfareused,2008.5,2013.24,2013,.87,gpwg
AM2015,2007-2012,FRA,ECA-HI,2007-2012,I,2008,EU-SILC,IND,welfare,2013,EU-SILC,IND,welfare,2007,2012,,.87,gpwg
AM2017,2009-2014,FRA,ECA-HI,2009-2014,I,2010,EU-SILC,IND,welfare,2015,EU-SILC,IND,welfare,2009,2014,,.87,gpwg
AM2019,2011-2016,FRA,ECA-HI,2010-2015,I,2011,EU-SILC,IND,welfare,2016,EU-SILC,IND,welfare,2010,2015,2015,.87,gpwg
AM2020,2012-2017,FRA,ECA-HI,2012-2017,I,2013,EU-SILC,IND,welfare,2018,EU-SILC,IND,welfare,2012,2017,2017,.87,gpwg
AM2015,2007-2012,GBR,ECA-HI,2007-2012,I,2008,EU-SILC,IND,welfare,2013,EU-SILC,IND,welfare,2007,2012,,.87,gpwg
AM2017,2009-2014,GBR,ECA-HI,2009-2014,I,2010,EU-SILC,IND,welfare,2015,EU-SILC,IND,welfare,2009,2014,,.87,gpwg
AM2019,2011-2016,GBR,ECA-HI,2010-2015,I,2011,EU-SILC,IND,welfare,2016,EU-SILC,IND,welfare,2010,2015,2015,.87,gpwg
SM2020,2012-2017,GBR,ECA-HI,2011-2016,I,2012,EU-SILC,IND,welfare,2017,EU-SILC,IND,welfare,2011,2016,2016,.87,gpwg
AM2014,2006-2011,GEO,ECA,2007-2012,C,2007,HIS,IND,welfare,2012,HIS,IND,welfare,2007,2012,,.87,gpwg
AM2015,2007-2012,GEO,ECA,2008-2013,C,2008,HIS,IND,welfare,2013,HIS,IND,welfare,2008,2013,,.87,gpwg
AM2016,2008-2013,GEO,ECA,2009-2014,C,2009,HIS,IND,welfare,2014,HIS,IND,welfare,2009,2014,,.87,gpwg
SM2018,2010-2015,GEO,ECA,2011-2016,C,2011,HIS,IND,welfare,2016,HIS,HH,welfare,2011,2016,2016,.87,gpwg
AM2019,2011-2016,GEO,ECA,2012-2017,C,2012,HIS,IND,welfare,2017,HIS,HH,welfare,2012,2017,2017,.87,gpwg
AM2020,2012-2017,GEO,ECA,2013-2018,C,2013,HIS,IND,welfare,2018,HIS,HH,welfare,2013,2018,2018,.87,gpwg
AM2019,2011-2016,GHA,SSA,2012-2016,C,2012,GLSS-VI,HH,welfare,2016,GLSS-VII,HH,welfare,2012.8,2016.75,2016,.87,gpwg
AM2017,2009-2014,GIN,SSA,2007-2012,C,2007,ELEP,HH,welfare,2012,ELEP,HH,welfare,2007,2012,2012,.87,gpwg
SM2018,2010-2015,GMB,SSA,2010-2015,C,2010,IHS,HH,welfare,2015,IHS,HH,welfare,2010.08,2015.31,2015,.87,gpwg
AM2015,2007-2012,GRC,ECA,2007-2012,I,2008,EU-SILC,IND,welfare,2013,EU-SILC,IND,welfare,2007,2012,,.87,gpwg
AM2017,2009-2014,GRC,ECA,2009-2014,I,2010,EU-SILC,IND,welfare,2015,EU-SILC,IND,welfare,2009,2014,,.87,gpwg
AM2019,2011-2016,GRC,ECA,2010-2015,I,2011,EU-SILC,IND,welfare,2016,EU-SILC,IND,welfare,2010,2015,2015,.87,gpwg
SM2020,2012-2017,GRC,ECA,2012-2017,I,2013,EU-SILC,IND,welfare,2018,EU-SILC,IND,welfare,2012,2017,2017,.87,gpwg
AM2014,2006-2011,HND,LAC,2006-2011,I,2006,EPHPM,IND,welfare,2011,EPHPM,IND,welfare,2006,2011,,.87,gpwg
AM2015,2007-2012,HND,LAC,2007-2012,I,2007,EPHPM,IND,welfare,2012,EPHPM,IND,welfare,2007,2012,,.87,gpwg
AM2016,2008-2013,HND,LAC,2009-2014,I,2009,EPHPM,IND,welfare,2014,EPHPM,IND,welfare,2009,2014,,.87,gpwg
AM2017,2009-2014,HND,LAC,2010-2015,I,2010,EPHPM,IND,welfare,2015,EPHPM,IND,welfare,2010,2015,,.87,gpwg
AM2018,2010-2015,HND,LAC,2011-2016,I,2011,EPHPM,IND,welfare,2016,EPHPM,IND,welfare,2011,2016,2016,.87,gpwg
AM2019,2011-2016,HND,LAC,2012-2017,I,2012,EPHPM,IND,welfare,2017,EPHPM,IND,welfare,2012,2017,2017,.87,gpwg
SM2020,2012-2017,HND,LAC,2013-2018,I,2013,EPHPM,IND,welfare,2018,EPHPM,IND,welfare,2013,2018,2018,.87,gpwg
AM2015,2007-2012,HRV,ECA,2004-2010,C,2004,HBS,IND,welfare,2010,HBS,IND,welfare,2004,2010,,.87,gpwg
AM2016,2008-2013,HRV,ECA,2009-2012,I,2010,EU-SILC,IND,welfare,2013,EU-SILC,IND,welfare,2009,2012,,.87,gpwg
AM2017,2009-2014,HRV,ECA,2009-2014,I,2010,EU-SILC,IND,welfare,2015,EU-SILC,IND,welfare,2009,2014,,.87,gpwg
SM2019,2011-2016,HRV,ECA,2010-2015,I,2011,EU-SILC,IND,welfare,2016,EU-SILC,IND,welfare,2010,2015,2015,.87,gpwg
SM2020,2012-2017,HRV,ECA,2012-2017,I,2013,EU-SILC,IND,welfare,2018,EU-SILC,IND,welfare,2012,2017,2017,.87,gpwg
AM2014,2006-2011,HUN,ECA,2006-2011,I,2007,EU-SILC,IND,welfare,2012,EU-SILC,IND,welfare,2006,2011,,.87,gpwg
AM2016,2008-2013,HUN,ECA,2007-2012,I,2008,EU-SILC,IND,welfare,2013,EU-SILC,IND,welfare,2007,2012,,.87,gpwg
AM2017,2009-2014,HUN,ECA,2009-2014,I,2010,EU-SILC,IND,welfare,2015,EU-SILC,IND,welfare,2009,2014,,.87,gpwg
AM2019,2011-2016,HUN,ECA,2010-2015,I,2011,EU-SILC,IND,welfare,2016,EU-SILC,IND,welfare,2010,2015,2015,.87,gpwg
AM2020,2012-2017,HUN,ECA,2012-2017,I,2013,EU-SILC,IND,welfare,2018,EU-SILC,IND,welfare,2012,2017,2017,.87,gpwg
AM2015,2007-2012,IDN,EAP,2011-2014,C,2011,SUSENAS,HH,welfareused,2014,SUSENAS,HH,welfareused,2011,2014,2016,.87,gpwg
AM2019,2011-2016,IDN,EAP,2015-2017,C,2015,SUSENAS,HH,welfareused,2017,SUSENAS,HH,welfareused,2015,2017,2017,.87,gpwg
AM2020,2012-2017,IDN,EAP,2014-2018,C,2014,SUSENAS,HH,welfareused,2018,SUSENAS,HH,welfareused,2014,2018,2018,.87,gpwg
AM2016,2008-2013,IND,SAR,2004-2011,C,2004,NSS-SCH1,IND,welfare,2011,NSS-SCH1,IND,welfare,2004.5,2011.5,2011,.57,gpwg
AM2016,2008-2013,IRL,ECA-HI,2007-2012,I,2008,EU-SILC,IND,welfare,2013,EU-SILC,IND,welfare,2007,2012,,.87,gpwg
SM2018,2010-2015,IRL,ECA-HI,2009-2014,I,2010,EU-SILC,IND,welfare,2015,EU-SILC,IND,welfare,2009,2014,2014,.87,gpwg
AM2018,2010-2015,IRL,ECA-HI,2010-2015,I,2011,EU-SILC,IND,welfare,2016,EU-SILC,IND,welfare,2010,2015,2015,.87,gpwg
SM2020,2012-2017,IRL,ECA-HI,2011-2016,I,2012,EU-SILC,IND,welfare,2017,EU-SILC,IND,welfare,2011,2016,2016,.87,gpwg
AM2016,2008-2013,IRN,MNA,2009-2013,C,2009,HEIS,HH,welfare,2013,HEIS,HH,welfare,2009.23,2013.23,,.87,gpwg
AM2018,2010-2015,IRN,MNA,2009-2014,C,2009,HEIS,HH,welfare,2014,HEIS,HH,welfare,2009.23,2014.23,2014,.87,gpwg
AM2019,2011-2016,IRN,MNA,2013-2016,C,2013,HEIS,HH,welfare,2016,HEIS,HH,welfare,2013.23,2016.23,2016,.87,gpwg
SM2020,2012-2017,IRN,MNA,2014-2017,C,2014,HEIS,HH,welfare,2017,HEIS,HH,welfare,2014.23,2017.23,2017,.87,gpwg
AM2014,2006-2011,IRQ,MNA,2006-2012,C,2006,IHSES,HH,welfare,2012,IHSES,HH,welfare,2006.85,2012,2012,.87,gpwg
AM2016,2008-2013,ISL,ECA-HI,2007-2012,I,2008,EU-SILC,IND,welfare,2013,EU-SILC,IND,welfare,2007,2012,,.87,gpwg
SM2018,2010-2015,ISL,ECA-HI,2009-2014,I,2010,EU-SILC,IND,welfare,2015,EU-SILC,IND,welfare,2009,2014,2014,.87,gpwg
SM2020,2012-2017,ISL,ECA-HI,2010-2015,I,2011,EU-SILC,IND,welfare,2016,EU-SILC,IND,welfare,2010,2015,2015,.87,gpwg
AM2020,2012-2017,ISR,HI,2010-2016,I,2010,HES-LIS,HH,welfare,2016,HES-LIS,HH,welfare,2010,2016,2016,.87,pcn
AM2016,2008-2013,ITA,ECA-HI,2007-2012,I,2008,EU-SILC,IND,welfare,2013,EU-SILC,IND,welfare,2007,2012,,.87,gpwg
AM2017,2009-2014,ITA,ECA-HI,2009-2014,I,2010,EU-SILC,IND,welfare,2015,EU-SILC,IND,welfare,2009,2014,,.87,gpwg
AM2018,2010-2015,ITA,ECA-HI,2010-2015,I,2011,EU-SILC,IND,welfare,2016,EU-SILC,IND,welfare,2010,2015,2015,.87,gpwg
AM2020,2012-2017,ITA,ECA-HI,2012-2017,I,2013,EU-SILC,IND,welfare,2018,EU-SILC,IND,welfare,2012,2017,2017,.87,gpwg
SM2018,2010-2015,JOR,MNA,2008-2010,C,2008,HEIS,HH,welfare,2010,HEIS,HH,welfare,2008.16,2010.24,2010,.87,gpwg
AM2015,2007-2012,JOR,MNA,2006-2010,C,2006,HEIS,HH,welfare,2010,HEIS,HH,welfare,2006.14,2010.24,,.87,gpwg
AM2014,2006-2011,KAZ,ECA,2006-2010,C,2006,HBS,IND,welfare,2010,HBS,IND,welfare,2006,2010,,.87,gpwg
AM2015,2007-2012,KAZ,ECA,2009-2013,C,2009,HBS,IND,welfare,2013,HBS,IND,welfare,2009,2013,,.87,gpwg
AM2016,2008-2013,KAZ,ECA,2008-2013,C,2008,HBS,IND,welfare,2013,HBS,IND,welfare,2008,2013,,.87,gpwg
AM2018,2010-2015,KAZ,ECA,2010-2015,C,2010,HBS,IND,welfare,2015,HBS,HH,welfare,2010,2015,2015,.87,gpwg
SM2019,2011-2016,KAZ,ECA,2012-2017,C,2012,HBS,IND,welfare,2017,HBS,HH,welfare,2012,2017,2017,.87,gpwg
AM2014,2006-2011,KGZ,ECA,2006-2011,C,2006,KIHS,IND,welfare,2011,KIHS,IND,welfare,2006,2011,,.87,gpwg
AM2015,2007-2012,KGZ,ECA,2008-2012,C,2008,KIHS,IND,welfare,2012,KIHS,IND,welfare,2008,2012,,.87,gpwg
AM2016,2008-2013,KGZ,ECA,2009-2014,C,2009,KIHS,IND,welfare,2014,KIHS,IND,welfare,2009,2014,,.87,gpwg
AM2017,2009-2014,KGZ,ECA,2010-2015,C,2010,KIHS,IND,welfare,2015,KIHS,IND,welfare,2010,2015,,.87,gpwg
AM2018,2010-2015,KGZ,ECA,2011-2016,C,2011,KIHS,IND,welfare,2016,KIHS,HH,welfare,2011,2016,2016,.87,gpwg
AM2019,2011-2016,KGZ,ECA,2012-2017,C,2012,KIHS,IND,welfare,2017,KIHS,HH,welfare,2012,2017,2017,.87,gpwg
SM2020,2012-2017,KGZ,ECA,2013-2018,C,2013,KIHS,IND,welfare,2018,KIHS,HH,welfare,2013,2018,2018,.87,gpwg
AM2017,2009-2014,LAO,EAP,2007-2012,C,2007,LECS,HH,welfareused,2012,LECS,HH,welfareused,2007.23,2012.25,2012,.87,gpwg
AM2014,2006-2011,LKA,SAR,2006-2009,C,2006,HIES,IND,welfare,2009,HIES,IND,welfare,2006.5,2009.5,,.87,gpwg
AM2017,2009-2014,LKA,SAR,2009-2012,C,2009,HIES,IND,welfare,2012,HIES,IND,welfare,2009.5,2012.5,,.87,gpwg
AM2015,2007-2012,LKA,SAR,2006-2012,C,2006,HIES,IND,welfare,2012,HIES,IND,welfare,2006.5,2012.5,,.87,gpwg
AM2020,2012-2017,LKA,SAR,2012-2016,C,2012,HIES,IND,welfare,2016,HIES,IND,welfare,2012.5,2016,2016,.87,gpwg
AM2014,2006-2011,LTU,ECA,2006-2011,I,2007,EU-SILC,IND,welfare,2012,EU-SILC,IND,welfare,2006,2011,,.87,gpwg
AM2015,2007-2012,LTU,ECA,2007-2012,I,2008,EU-SILC,IND,welfare,2013,EU-SILC,IND,welfare,2007,2012,,.87,gpwg
AM2017,2009-2014,LTU,ECA,2009-2014,I,2010,EU-SILC,IND,welfare,2015,EU-SILC,IND,welfare,2009,2014,,.87,gpwg
AM2018,2010-2015,LTU,ECA,2010-2015,I,2011,EU-SILC,IND,welfare,2016,EU-SILC,IND,welfare,2010,2015,2015,.87,gpwg
SM2020,2012-2017,LTU,ECA,2012-2017,I,2013,EU-SILC,IND,welfare,2018,EU-SILC,IND,welfare,2012,2017,2017,.87,gpwg
AM2016,2008-2013,LUX,ECA-HI,2007-2012,I,2008,EU-SILC,IND,welfare,2013,EU-SILC,IND,welfare,2007,2012,,.87,gpwg
AM2017,2009-2014,LUX,ECA-HI,2009-2014,I,2010,EU-SILC,IND,welfare,2015,EU-SILC,IND,welfare,2009,2014,,.87,gpwg
SM2019,2011-2016,LUX,ECA-HI,2010-2015,I,2011,EU-SILC,IND,welfare,2016,EU-SILC,IND,welfare,2010,2015,2015,.87,gpwg
AM2020,2012-2017,LUX,ECA-HI,2012-2017,I,2013,EU-SILC,IND,welfare,2018,EU-SILC,IND,welfare,2012,2017,2017,.87,gpwg
AM2014,2006-2011,LVA,ECA,2006-2011,I,2007,EU-SILC,IND,welfare,2012,EU-SILC,IND,welfare,2006,2011,,.87,gpwg
AM2016,2008-2013,LVA,ECA,2007-2012,I,2008,EU-SILC,IND,welfare,2013,EU-SILC,IND,welfare,2007,2012,,.87,gpwg
AM2017,2009-2014,LVA,ECA,2009-2014,I,2010,EU-SILC,IND,welfare,2015,EU-SILC,IND,welfare,2009,2014,,.87,gpwg
SM2018,2010-2015,LVA,ECA,2010-2015,I,2011,EU-SILC,IND,welfare,2016,EU-SILC,IND,welfare,2010,2015,2015,.87,gpwg
AM2020,2012-2017,LVA,ECA,2012-2017,I,2013,EU-SILC,IND,welfare,2018,EU-SILC,IND,welfare,2012,2017,2017,.87,gpwg
AM2014,2006-2011,MDA,ECA,2006-2011,C,2006,HBS,IND,welfare,2011,HBS,IND,welfare,2006,2011,,.87,gpwg
AM2015,2007-2012,MDA,ECA,2008-2013,C,2008,HBS,IND,welfare,2013,HBS,IND,welfare,2008,2013,,.87,gpwg
AM2016,2008-2013,MDA,ECA,2009-2014,C,2009,HBS,IND,welfare,2014,HBS,IND,welfare,2009,2014,,.87,gpwg
AM2017,2009-2014,MDA,ECA,2010-2015,C,2010,HBS,IND,welfare,2015,HBS,IND,welfare,2010,2015,,.87,gpwg
AM2018,2010-2015,MDA,ECA,2011-2016,C,2011,HBS,IND,welfare,2016,HBS,HH,welfare,2011,2016,2016,.87,gpwg
AM2019,2011-2016,MDA,ECA,2012-2017,C,2012,HBS,IND,welfare,2017,HBS,HH,welfare,2012,2017,2017,.87,gpwg
SM2020,2012-2017,MDA,ECA,2013-2018,C,2013,HBS,IND,welfare,2018,HBS,HH,welfare,2013,2018,2018,.87,gpwg
AM2014,2006-2011,MDG,SSA,2005-2010,C,2005,EPM,HH,welfare,2010,EPM,HH,welfare,2005,2010,,.87,gpwg
SM2018,2010-2015,MDG,SSA,2010-2012,C,2010,EPM,HH,welfare,2012,ENSOMD,HH,welfare,2010,2012.73,2012,.87,gpwg
AM2015,2007-2012,MEX,LAC,2008-2012,I,2008,ENIGH,IND,welfare,2012,ENIGH,IND,welfare,2008,2012,,.87,gpwg
SM2018,2010-2015,MEX,LAC,2010-2014,I,2010,ENIGH,IND,welfare,2014,ENIGH,IND,welfare,2010,2014,2016,.87,gpwg
AM2018,2010-2015,MKD,ECA,2009-2014,I,2010,SILC-C,GROUP,welfare,2015,SILC-C,GROUP,welfare,2009,2014,2015,.87,gpwg
AM2016,2008-2013,MKD,ECA,2010-2014,I,2011,SILC-C,IND,welfare,2015,SILC-C,IND,welfare,2010,2014,,.87,gpwg
SM2018,2010-2015,MKD,ECA,2010-2015,I,2011,SILC-C,IND,welfare,2016,SILC-C,IND,welfare,2010,2015,,.87,gpwg
SM2020,2012-2017,MKD,ECA,2012-2017,I,2013,SILC-C,IND,welfare,2018,SILC-C,IND,welfare,2012,2017,2017,.87,gpwg
AM2014,2006-2011,MLI,SSA,2006-2009,C,2006,ELIM,HH,welfare,2009,ELIM,HH,welfare,2006.25,2009.89,2009,.87,gpwg
SM2018,2010-2015,MLT,ECA-HI,2009-2014,I,2010,EU-SILC,IND,welfare,2015,EU-SILC,IND,welfare,2009,2014,2014,.87,gpwg
SM2019,2011-2016,MLT,ECA-HI,2010-2015,I,2011,EU-SILC,IND,welfare,2016,EU-SILC,IND,welfare,2010,2015,2015,.87,gpwg
AM2020,2012-2017,MLT,ECA-HI,2012-2017,I,2013,EU-SILC,IND,welfare,2018,EU-SILC,IND,welfare,2012,2017,2017,.87,gpwg
AM2014,2006-2011,MNE,ECA,2006-2011,C,2006,HBS,IND,welfare,2011,HBS,HH,welfare,2006,2011,,.87,gpwg
AM2015,2007-2012,MNE,ECA,2008-2013,C,2008,HBS,IND,welfare,2013,HBS,HH,welfare,2008,2013,,.87,gpwg
SM2018,2010-2015,MNE,ECA,2009-2014,C,2009,HBS,IND,welfare,2014,HBS,HH,welfare,2009,2014,2014,.87,gpwg
AM2020,2012-2017,MNE,ECA,2012-2015,I,2013,SILC-C,IND,welfare,2016,SILC-C,HH,welfare,2012,2015,2015,.87,gpwg
AM2017,2009-2014,MNG,EAP,2010-2014,C,2010,HSES,HH,welfareused,2014,HSES,HH,welfareused,2010,2014,,.87,gpwg
SM2018,2010-2015,MNG,EAP,2011-2016,C,2011,HSES,HH,welfareused,2016,HSES,HH,welfareused,2011,2016,2016,.87,gpwg
AM2018,2010-2015,MNG,EAP,2010-2016,C,2010,HSES,HH,welfareused,2016,HSES,HH,welfareused,2010,2016,2016,.87,gpwg
SM2020,2012-2017,MNG,EAP,2011-2018,C,2011,HSES,HH,welfareused,2018,HSES,HH,welfareused,2011,2018,2018,.87,gpwg
AM2014,2006-2011,MOZ,SSA,2002-2008,C,2002,IAF,HH,welfare,2008,IOF,HH,welfare,2002.5,2008.67,,.87,gpwg
SM2018,2010-2015,MOZ,SSA,2008-2014,C,2008,IOF,HH,welfare,2014,IOF,HH,welfare,2008.67,2014.44,2014,.87,gpwg
AM2018,2010-2015,MRT,SSA,2008-2014,C,2008,EPCV,HH,welfare,2014,EPCV,HH,welfare,2008.2,2014,2014,.87,gpwg
AM2015,2007-2012,MUS,SSA,2006-2012,C,2006,HBS,HH,welfare,2012,HBS,HH,welfare,2006.5,2012,2012,.87,gpwg
SM2020,2012-2017,MUS,SSA,2012-2017,C,2012,HBS,HH,welfare,2017,HBS,HH,welfare,2012,2017,2017,.87,gpwg
AM2014,2006-2011,MWI,SSA,2004-2010,C,2004,IHS-II,HH,welfare,2010,IHS-III,HH,welfare,2004.23,2010.23,2010,.87,gpwg
SM2020,2012-2017,MWI,SSA,2010-2016,C,2010,IHS-III,HH,welfare,2016,IHS-IV,HH,welfare,2010.23,2016.31,2016,.87,gpwg
AM2020,2012-2017,MYS,EAP,2011-2015,I,2012,HIS,HH,welfareused,2016,HIS,HH,welfareused,2011,2015.88,2016,.87,gpwg
AM2014,2006-2011,NAM,SSA,2003-2009,C,2003,NHIES,HH,welfare,2009,NHIES,HH,welfare,2003.67,2009.54,2009,.87,gpwg
SM2019,2011-2016,NAM,SSA,2009-2015,C,2009,NHIES,HH,welfare,2015,NHIES,HH,welfare,2009.54,2015.27,2015,.87,gpwg
SM2019,2011-2016,NER,SSA,2011-2014,C,2011,ECVMA,HH,welfare,2014,ECVMA,HH,welfare,2011,2014,2014,.87,gpwg
AM2017,2009-2014,NER,SSA,2007-2014,C,2007,ENBCM,HH,welfare,2014,ECVMA,HH,welfare,2007.31,2014,2014,.87,gpwg
AM2014,2006-2011,NGA,SSA,2003-2009,C,2003,LSS,HH,welfare,2009,LSS,HH,welfare,2003.67,2009.83,2009,.87,gpwg
AM2014,2006-2011,NIC,LAC,2005-2009,I,2005,EMNV,IND,welfare,2009,EMNV,IND,welfare,2005,2009,,.87,gpwg
SM2019,2011-2016,NIC,LAC,2009-2014,I,2009,EMNV,IND,welfare,2014,EMNV,IND,welfare,2009,2014,2014,.87,gpwg
AM2015,2007-2012,NLD,ECA-HI,2007-2012,I,2008,EU-SILC,IND,welfare,2013,EU-SILC,IND,welfare,2007,2012,,.87,gpwg
AM2017,2009-2014,NLD,ECA-HI,2009-2014,I,2010,EU-SILC,IND,welfare,2015,EU-SILC,IND,welfare,2009,2014,,.87,gpwg
AM2019,2011-2016,NLD,ECA-HI,2010-2015,I,2011,EU-SILC,IND,welfare,2016,EU-SILC,IND,welfare,2010,2015,2015,.87,gpwg
AM2020,2012-2017,NLD,ECA-HI,2012-2017,I,2013,EU-SILC,IND,welfare,2018,EU-SILC,IND,welfare,2012,2017,2017,.87,gpwg
AM2015,2007-2012,NOR,ECA-HI,2007-2012,I,2008,EU-SILC,IND,welfare,2013,EU-SILC,IND,welfare,2007,2012,,.87,gpwg
AM2017,2009-2014,NOR,ECA-HI,2009-2014,I,2010,EU-SILC,IND,welfare,2015,EU-SILC,IND,welfare,2009,2014,,.87,gpwg
AM2018,2010-2015,NOR,ECA-HI,2010-2015,I,2011,EU-SILC,IND,welfare,2016,EU-SILC,IND,welfare,2010,2015,2015,.87,gpwg
AM2020,2012-2017,NOR,ECA-HI,2012-2017,I,2013,EU-SILC,IND,welfare,2018,EU-SILC,IND,welfare,2012,2017,2017,.87,gpwg
AM2014,2006-2011,NPL,SAR,2003-2010,C,2003,LSS-II,IND,welfare,2010,LSS-III,IND,welfare,2003.25,2010.17,2010,.5,gpwg
AM2015,2007-2012,PAK,SAR,2004-2010,C,2004,HIES,IND,welfare,2010,HIES,IND,welfare,2004.5,2010.5,,.87,gpwg
AM2014,2006-2011,PAK,SAR,2005-2010,C,2005,HIES,IND,welfare,2010,HIES,IND,welfare,2005.5,2010.5,,.87,gpwg
AM2016,2008-2013,PAK,SAR,2007-2013,C,2007,HIES,IND,welfare,2013,HIES,IND,welfare,2007.5,2013.5,2013,.87,gpwg
AM2018,2010-2015,PAK,SAR,2010-2015,C,2010,HIES,IND,welfare,2015,HIES,IND,welfare,2010.5,2015.5,2015,.87,gpwg
AM2014,2006-2011,PAN,LAC,2008-2011,I,2008,EH,IND,welfare,2011,EH,IND,welfare,2008,2011,,.87,gpwg
AM2015,2007-2012,PAN,LAC,2008-2012,I,2008,EH,IND,welfare,2012,EH,IND,welfare,2008,2012,,.87,gpwg
AM2016,2008-2013,PAN,LAC,2009-2014,I,2009,EH,IND,welfare,2014,EH,IND,welfare,2009,2014,,.87,gpwg
AM2017,2009-2014,PAN,LAC,2010-2015,I,2010,EH,IND,welfare,2015,EH,IND,welfare,2010,2015,,.87,gpwg
AM2018,2010-2015,PAN,LAC,2011-2016,I,2011,EH,IND,welfare,2016,EH,IND,welfare,2011,2016,2016,.87,gpwg
SM2019,2011-2016,PAN,LAC,2012-2017,I,2012,EH,IND,welfare,2017,EH,IND,welfare,2012,2017,2017,.87,gpwg
AM2020,2012-2017,PAN,LAC,2013-2018,I,2013,EH,IND,welfare,2018,EH,IND,welfare,2013,2018,2018,.87,gpwg
AM2014,2006-2011,PER,LAC,2006-2011,I,2006,ENAHO,IND,welfare,2011,ENAHO,IND,welfare,2006,2011,,.87,gpwg
AM2015,2007-2012,PER,LAC,2007-2012,I,2007,ENAHO,IND,welfare,2012,ENAHO,IND,welfare,2007,2012,,.87,gpwg
AM2016,2008-2013,PER,LAC,2009-2014,I,2009,ENAHO,IND,welfare,2014,ENAHO,IND,welfare,2009,2014,,.87,gpwg
AM2018,2010-2015,PER,LAC,2011-2016,I,2011,ENAHO,IND,welfare,2016,ENAHO,IND,welfare,2011,2016,2016,.87,gpwg
AM2019,2011-2016,PER,LAC,2012-2017,I,2012,ENAHO,IND,welfare,2017,ENAHO,IND,welfare,2012,2017,2017,.87,gpwg
AM2020,2012-2017,PER,LAC,2013-2018,I,2013,ENAHO,IND,welfare,2018,ENAHO,IND,welfare,2013,2018,2018,.87,gpwg
AM2014,2006-2011,PHL,EAP,2006-2012,C,2006,FIES,HH,welfareother,2012,FIES,HH,welfareother,2006,2012,,.87,gpwg
AM2020,2012-2017,PHL,EAP,2012-2015,I,2012,FIES,HH,welfare,2015,FIES,HH,welfare,2012,2015,2015,.87,gpwg
AM2017,2009-2014,PHL,EAP,2009-2015,I,2009,FIES,HH,welfare,2015,FIES,HH,welfare,2009,2015,2015,.87,gpwg
AM2014,2006-2011,POL,ECA,2006-2011,C,2006,HBS,IND,welfare,2011,HBS,IND,welfare,2006,2011,,.87,gpwg
AM2015,2007-2012,POL,ECA,2007-2012,C,2007,HBS,IND,welfare,2012,HBS,IND,welfare,2007,2012,,.87,gpwg
AM2016,2008-2013,POL,ECA,2007-2012,I,2008,EU-SILC,IND,welfare,2013,EU-SILC,IND,welfare,2007,2012,,.87,gpwg
AM2017,2009-2014,POL,ECA,2009-2014,I,2010,EU-SILC,IND,welfare,2015,EU-SILC,IND,welfare,2009,2014,,.87,gpwg
AM2018,2010-2015,POL,ECA,2010-2015,I,2011,EU-SILC,IND,welfare,2016,EU-SILC,IND,welfare,2010,2015,2015,.87,gpwg
SM2020,2012-2017,POL,ECA,2012-2017,I,2013,EU-SILC,IND,welfare,2018,EU-SILC,IND,welfare,2012,2017,2017,.87,gpwg
AM2015,2007-2012,PRT,ECA-HI,2007-2012,I,2008,EU-SILC,IND,welfare,2013,EU-SILC,IND,welfare,2007,2012,,.87,gpwg
AM2017,2009-2014,PRT,ECA-HI,2009-2014,I,2010,EU-SILC,IND,welfare,2015,EU-SILC,IND,welfare,2009,2014,,.87,gpwg
AM2018,2010-2015,PRT,ECA-HI,2010-2015,I,2011,EU-SILC,IND,welfare,2016,EU-SILC,IND,welfare,2010,2015,2015,.87,gpwg
AM2020,2012-2017,PRT,ECA-HI,2012-2017,I,2013,EU-SILC,IND,welfare,2018,EU-SILC,IND,welfare,2012,2017,2017,.87,gpwg
AM2014,2006-2011,PRY,LAC,2006-2011,I,2006,EPH,IND,welfare,2011,EPH,IND,welfare,2006,2011,,.87,gpwg
AM2015,2007-2012,PRY,LAC,2007-2012,I,2007,EPH,IND,welfare,2012,EPH,IND,welfare,2007,2012,,.87,gpwg
AM2016,2008-2013,PRY,LAC,2009-2014,I,2009,EPH,IND,welfare,2014,EPH,IND,welfare,2009,2014,,.87,gpwg
AM2017,2009-2014,PRY,LAC,2009-2015,I,2009,EPH,IND,welfare,2015,EPH,IND,welfare,2009,2015,,.87,gpwg
AM2018,2010-2015,PRY,LAC,2011-2016,I,2011,EPH,IND,welfare,2016,EPH,IND,welfare,2011,2016,2016,.87,gpwg
SM2019,2011-2016,PRY,LAC,2012-2017,I,2012,EPH,IND,welfare,2017,EPH,IND,welfare,2012,2017,2017,.87,gpwg
AM2020,2012-2017,PRY,LAC,2013-2018,I,2013,EPH,IND,welfare,2018,EPH,IND,welfare,2013,2018,2018,.87,gpwg
AM2014,2006-2011,PSE,MNA,2004-2009,C,2004,PECS,HH,welfare,2009,PECS,HH,welfare,2004,2009,,.87,gpwg
SM2018,2010-2015,PSE,MNA,2009-2011,C,2009,PECS,HH,welfare,2011,PECS,HH,welfare,2009,2011,2011,.87,gpwg
SM2019,2011-2016,PSE,MNA,2011-2016,C,2011,PECS,HH,welfare,2016,PECS,HH,welfare,2011,2016.75,2016,.87,gpwg
AM2014,2006-2011,ROU,ECA,2006-2011,C,2006,HBS,IND,welfare,2011,HBS,IND,welfare,2006,2011,,.87,gpwg
AM2015,2007-2012,ROU,ECA,2008-2013,C,2008,HBS,IND,welfare,2013,HBS,IND,welfare,2008,2013,,.87,gpwg
AM2016,2008-2013,ROU,ECA,2007-2012,I,2008,EU-SILC,IND,welfare,2013,EU-SILC,IND,welfare,2007,2012,,.87,gpwg
AM2017,2009-2014,ROU,ECA,2009-2014,I,2010,EU-SILC,IND,welfare,2015,EU-SILC,IND,welfare,2009,2014,,.87,gpwg
AM2019,2011-2016,ROU,ECA,2010-2015,I,2011,EU-SILC,IND,welfare,2016,EU-SILC,IND,welfare,2010,2015,2015,.87,gpwg
AM2020,2012-2017,ROU,ECA,2012-2017,I,2013,EU-SILC,IND,welfare,2018,EU-SILC,IND,welfare,2012,2017,2017,.87,gpwg
AM2014,2006-2011,RUS,ECA,2004-2009,C,2004,HBS,HH,welfare,2009,HBS,HH,welfare,2004,2009,,.87,gpwg
AM2015,2007-2012,RUS,ECA,2007-2012,C,2007,HBS,HH,welfare,2012,HBS,HH,welfare,2007,2012,,.87,gpwg
AM2018,2010-2015,RUS,ECA,2010-2015,C,2010,HBS,HH,welfare,2015,HBS,HH,welfare,2010,2015,2015,.87,gpwg
AM2020,2012-2017,RUS,ECA,2013-2018,C,2013,HBS,HH,welfare,2018,HBS,HH,welfare,2013,2018,2018,.87,gpwg
AM2015,2007-2012,RWA,SSA,2005-2010,C,2005,EICV-II,HH,welfare,2010,EICV-III,HH,welfare,2005.75,2010.83,,.87,gpwg
SM2018,2010-2015,RWA,SSA,2010-2013,C,2010,EICV-III,HH,welfare,2013,EICV-IV,HH,welfare,2010.83,2013.75,2013,.87,gpwg
SM2019,2011-2016,RWA,SSA,2013-2016,C,2013,EICV-IV,HH,welfare,2016,EICV-V,HH,welfare,2013.75,2016.77,2016,.87,gpwg
AM2014,2006-2011,SEN,SSA,2005-2011,C,2005,ESPS-I,HH,welfare,2011,ESPS-II,HH,welfare,2005.8,2011.29,2011,.87,gpwg
SM2020,2012-2017,SLE,SSA,2011-2018,C,2011,SLIHS,HH,welfare,2018,SLIHS,HH,welfare,2011,2018,2018,.87,gpwg
AM2014,2006-2011,SLV,LAC,2006-2011,I,2006,EHPM,IND,welfare,2011,EHPM,IND,welfare,2006,2011,,.87,gpwg
AM2015,2007-2012,SLV,LAC,2007-2012,I,2007,EHPM,IND,welfare,2012,EHPM,IND,welfare,2007,2012,,.87,gpwg
AM2016,2008-2013,SLV,LAC,2009-2014,I,2009,EHPM,IND,welfare,2014,EHPM,IND,welfare,2009,2014,,.87,gpwg
AM2017,2009-2014,SLV,LAC,2010-2015,I,2010,EHPM,IND,welfare,2015,EHPM,IND,welfare,2010,2015,,.87,gpwg
SM2018,2010-2015,SLV,LAC,2011-2016,I,2011,EHPM,IND,welfare,2016,EHPM,IND,welfare,2011,2016,2016,.87,gpwg
AM2019,2011-2016,SLV,LAC,2012-2017,I,2012,EHPM,IND,welfare,2017,EHPM,IND,welfare,2012,2017,2017,.87,gpwg
SM2020,2012-2017,SLV,LAC,2013-2018,I,2013,EHPM,IND,welfare,2018,EHPM,IND,welfare,2013,2018,2018,.87,gpwg
AM2014,2006-2011,SRB,ECA,2007-2010,C,2007,HBS,IND,welfare,2010,HBS,IND,welfare,2007,2010,,.87,gpwg
AM2016,2008-2013,SRB,ECA,2008-2013,C,2008,HBS,IND,welfare,2013,HBS,IND,welfare,2008,2013,,.87,gpwg
AM2017,2009-2014,SRB,ECA,2012-2014,I,2013,EU-SILC,IND,welfare,2015,EU-SILC,IND,welfare,2012,2014,,.87,gpwg
AM2019,2011-2016,SRB,ECA,2012-2015,I,2013,EU-SILC,IND,welfare,2016,EU-SILC,IND,welfare,2012,2015,2015,.87,gpwg
AM2020,2012-2017,SRB,ECA,2013-2017,I,2014,EU-SILC,IND,welfare,2018,EU-SILC,IND,welfare,2013,2017,2017,.87,gpwg
AM2014,2006-2011,SVK,ECA,2006-2011,I,2007,EU-SILC,IND,welfare,2012,EU-SILC,IND,welfare,2006,2011,,.87,gpwg
AM2016,2008-2013,SVK,ECA,2007-2012,I,2008,EU-SILC,IND,welfare,2013,EU-SILC,IND,welfare,2007,2012,,.87,gpwg
AM2017,2009-2014,SVK,ECA,2009-2014,I,2010,EU-SILC,IND,welfare,2015,EU-SILC,IND,welfare,2009,2014,,.87,gpwg
SM2018,2010-2015,SVK,ECA,2010-2015,I,2011,EU-SILC,IND,welfare,2016,EU-SILC,IND,welfare,2010,2015,2015,.87,gpwg
SM2020,2012-2017,SVK,ECA,2011-2016,I,2012,EU-SILC,IND,welfare,2017,EU-SILC,IND,welfare,2011,2016,2016,.87,gpwg
AM2014,2006-2011,SVN,ECA,2006-2011,I,2007,EU-SILC,IND,welfare,2012,EU-SILC,IND,welfare,2006,2011,,.87,gpwg
AM2015,2007-2012,SVN,ECA,2007-2012,I,2008,EU-SILC,IND,welfare,2013,EU-SILC,IND,welfare,2007,2012,,.87,gpwg
AM2017,2009-2014,SVN,ECA,2009-2014,I,2010,EU-SILC,IND,welfare,2015,EU-SILC,IND,welfare,2009,2014,,.87,gpwg
AM2019,2011-2016,SVN,ECA,2010-2015,I,2011,EU-SILC,IND,welfare,2016,EU-SILC,IND,welfare,2010,2015,2015,.87,gpwg
AM2020,2012-2017,SVN,ECA,2012-2017,I,2013,EU-SILC,IND,welfare,2018,EU-SILC,IND,welfare,2012,2017,2017,.87,gpwg
AM2015,2007-2012,SWE,ECA-HI,2007-2012,I,2008,EU-SILC,IND,welfare,2013,EU-SILC,IND,welfare,2007,2012,,.87,gpwg
AM2017,2009-2014,SWE,ECA-HI,2009-2014,I,2010,EU-SILC,IND,welfare,2015,EU-SILC,IND,welfare,2009,2014,,.87,gpwg
SM2019,2011-2016,SWE,ECA-HI,2010-2015,I,2011,EU-SILC,IND,welfare,2016,EU-SILC,IND,welfare,2010,2015,2015,.87,gpwg
SM2020,2012-2017,SWE,ECA-HI,2012-2017,I,2013,EU-SILC,IND,welfare,2018,EU-SILC,IND,welfare,2012,2017,2017,.87,gpwg
AM2020,2012-2017,SWZ,SSA,2009-2016,C,2009,HIES,HH,welfare,2016,HIES,HH,welfare,2009.25,2016.17,2016,.87,gpwg
AM2014,2006-2011,TGO,SSA,2006-2011,C,2006,QUIBB,HH,welfare,2011,QUIBB,HH,welfare,2006,2011,,.87,gpwg
SM2018,2010-2015,TGO,SSA,2011-2015,C,2011,QUIBB,HH,welfare,2015,QUIBB,HH,welfare,2011,2015,2015,.87,gpwg
AM2014,2006-2011,THA,EAP,2006-2010,C,2006,SES,HH,welfareused,2010,SES,HH,welfareused,2006,2010,,.87,gpwg
AM2015,2007-2012,THA,EAP,2008-2012,C,2008,SES,HH,welfareused,2012,SES,HH,welfareused,2008,2012,,.87,gpwg
AM2017,2009-2014,THA,EAP,2009-2013,C,2009,SES,HH,welfareused,2013,SES,HH,welfareused,2009,2013,2013,.87,gpwg
AM2016,2008-2013,THA,EAP,2008-2013,C,2008,SES,HH,welfareused,2013,SES,HH,welfareused,2008,2013,,.87,gpwg
AM2018,2010-2015,THA,EAP,2010-2015,C,2010,SES,HH,welfareused,2015,SES,HH,welfareused,2010,2015,2015,.87,gpwg
SM2019,2011-2016,THA,EAP,2014-2017,C,2014,SES,HH,welfareused,2017,SES,HH,welfareused,2014,2017,2017,.87,gpwg
SM2020,2012-2017,THA,EAP,2014-2018,C,2014,SES,HH,welfareused,2018,SES,HH,welfareused,2014,2018,2018,.87,gpwg
AM2014,2006-2011,TJK,ECA,2004-2009,C,2004,HBS,HH,welfare,2009,TLSS,HH,welfare,2004,2009,,.87,gpwg
SM2019,2011-2016,TJK,ECA,2009-2015,C,2009,TLSS,HH,welfare,2015,HSITAFIEN,HH,welfare,2009,2015,2015,.87,gpwg
SM2019,2011-2016,TON,EAP,2009-2015,C,2009,HIES,HH,welfareused,2015,HIES,HH,welfareused,2009,2015,2015,.87,gpwg
AM2014,2006-2011,TUN,MNA,2005-2010,C,2005,NSHBCSL,HH,welfare,2010,NSHBCSL,HH,welfare,2005.34,2010.41,2010,.87,gpwg
AM2019,2011-2016,TUN,MNA,2010-2015,C,2010,NSHBCSL,HH,welfare,2015,NSHBCSL,HH,welfare,2010.41,2015.42,2015,.87,gpwg
AM2014,2006-2011,TUR,ECA,2006-2011,C,2006,HICES,IND,welfare,2011,HICES,IND,welfare,2006,2011,,.87,gpwg
AM2015,2007-2012,TUR,ECA,2007-2012,C,2007,HICES,IND,welfare,2012,HICES,IND,welfare,2007,2012,,.87,gpwg
AM2016,2008-2013,TUR,ECA,2008-2013,C,2008,HICES,IND,welfare,2013,HICES,IND,welfare,2008,2013,,.87,gpwg
AM2017,2009-2014,TUR,ECA,2009-2014,C,2009,HICES,IND,welfare,2014,HICES,IND,welfare,2009,2014,,.87,gpwg
AM2019,2011-2016,TUR,ECA,2011-2016,C,2011,HICES,IND,welfare,2016,HICES,IND,welfare,2011,2016,2016,.87,gpwg
SM2020,2012-2017,TUR,ECA,2013-2018,C,2013,HICES,IND,welfare,2018,HICES,IND,welfare,2013,2018,2018,.87,gpwg
AM2016,2008-2013,TZA,SSA,2007-2011,C,2007,HBS,HH,welfare,2011,HBS,HH,welfare,2007,2011.77,2011,.87,gpwg
AM2020,2012-2017,TZA,SSA,2011-2018,C,2011,HBS,HH,welfare,2018,HBS,HH,welfare,2011.77,2017.92,2018,.87,gpwg
AM2015,2007-2012,UGA,SSA,2009-2012,C,2009,UNHS,HH,welfare,2012,UNHS,HH,welfare,2009.4,2012.45,2012,.87,gpwg
AM2014,2006-2011,UGA,SSA,2005-2012,C,2005,UNHS,HH,welfare,2012,UNHS,HH,welfare,2005.33,2012.45,,.87,gpwg
AM2019,2011-2016,UGA,SSA,2012-2016,C,2012,UNHS,HH,welfare,2016,UNHS,HH,welfare,2012.45,2016.5,2016,.87,gpwg
AM2014,2006-2011,UKR,ECA,2005-2010,C,2005,HLCS,IND,welfare,2010,HLCS,IND,welfare,2005,2010,,.87,gpwg
AM2015,2007-2012,UKR,ECA,2008-2013,C,2008,HLCS,IND,welfare,2013,HLCS,IND,welfare,2008,2013,,.87,gpwg
AM2016,2008-2013,UKR,ECA,2009-2014,C,2009,HLCS,IND,welfare,2014,HLCS,IND,welfare,2009,2014,,.87,gpwg
AM2017,2009-2014,UKR,ECA,2010-2015,C,2010,HLCS,IND,welfare,2015,HLCS,IND,welfare,2010,2015,,.87,gpwg
AM2018,2010-2015,UKR,ECA,2011-2016,C,2011,HLCS,IND,welfare,2016,HLCS,HH,welfare,2011,2016,2016,.87,gpwg
SM2020,2012-2017,UKR,ECA,2013-2018,C,2013,HLCS,HH,welfare,2018,HLCS,HH,welfare,2013,2018,2018,.87,gpwg
AM2014,2006-2011,URY,LAC,2006-2011,I,2006,ECH,IND,welfare,2011,ECH,IND,welfare,2006,2011,,.87,gpwg
AM2015,2007-2012,URY,LAC,2007-2012,I,2007,ECH,IND,welfare,2012,ECH,IND,welfare,2007,2012,,.87,gpwg
AM2016,2008-2013,URY,LAC,2009-2014,I,2009,ECH,IND,welfare,2014,ECH,IND,welfare,2009,2014,,.87,gpwg
AM2018,2010-2015,URY,LAC,2011-2016,I,2011,ECH,IND,welfare,2016,ECH,IND,welfare,2011,2016,2016,.87,gpwg
AM2019,2011-2016,URY,LAC,2012-2017,I,2012,ECH,IND,welfare,2017,ECH,IND,welfare,2012,2017,2017,.87,gpwg
AM2020,2012-2017,URY,LAC,2013-2018,I,2013,ECH,IND,welfare,2018,ECH,IND,welfare,2013,2018,2018,.87,gpwg
SM2020,2012-2017,USA,HI,2010-2016,I,2010,CPS-ASEC-LIS,HH,welfare,2016,CPS-ASEC-LIS,HH,welfare,2010,2016,2016,.87,pcn
AM2014,2006-2011,VNM,EAP,2004-2010,C,2004,VHLSS,HH,welfareused,2010,VHLSS,HH,welfareused,2004,2010,,.87,gpwg
AM2016,2008-2013,VNM,EAP,2010-2014,C,2010,VHLSS,HH,welfareused,2014,VHLSS,HH,welfareused,2010,2014,2014,.87,gpwg
SM2019,2011-2016,VNM,EAP,2012-2016,C,2012,VHLSS,HH,welfareused,2016,VHLSS,HH,welfareused,2012,2016,2016,.87,gpwg
AM2018,2010-2015,VNM,EAP,2010-2016,C,2010,VHLSS,HH,welfareused,2016,VHLSS,HH,welfareused,2010,2016,2016,.87,gpwg
AM2020,2012-2017,VNM,EAP,2012-2018,C,2012,VHLSS,HH,welfareused,2018,VHLSS,HH,welfareused,2012,2018,2018,.87,gpwg
SM2018,2010-2015,XKX,ECA,2012-2015,C,2012,HBS,IND,welfare,2015,HBS,HH,welfare,2012,2015,2015,.87,gpwg
AM2019,2011-2016,XKX,ECA,2012-2017,C,2012,HBS,IND,welfare,2017,HBS,HH,welfare,2012,2017,2017,.87,gpwg
AM2015,2007-2012,ZAF,SSA,2005-2010,C,2005,IES,HH,welfare,2010,IES,HH,welfare,2005,2010,,.87,gpwg
AM2018,2010-2015,ZAF,SSA,2010-2014,C,2010,IES,HH,welfare,2014,LCS,HH,welfare,2010,2014.83,2014,.87,gpwg
SM2020,2012-2017,ZMB,SSA,2010-2015,C,2010,LCMS-VI,HH,welfare,2015,LCMS-VII,HH,welfare,2010,2015,2015,.87,gpwg
AM2020,2012-2017,ZWE,SSA,2011-2017,C/C,2011,ICES,GROUP,welfare,2017,PICES,HH,welfare,2011,2017,2017,.87,pcn
SM2021,2013-2018,TWN,EAP,2013-2016,I,2013,FIDES-LIS,HH,welfare,2016,FIDES-LIS,HH,welfare,2013,2016,2016,.87,pcn
SM2021,2013-2018,IDN,EAP,2015-2019,C,2015,SUSENAS,HH,welfareused,2019,SUSENAS,HH,welfareused,2015,2019,2019,.87,gpwg
SM2021,2013-2018,LAO,EAP,2012-2018,C,2012,LECS,HH,welfareused,2018,LECS,HH,welfareused,2012.25,2018.42,2018,.87,gpwg
SM2021,2013-2018,PHL,EAP,2015-2018,I,2015,FIES,HH,welfare,2018,FIES,HH,welfare,2015,2018,2018,.87,gpwg
SM2021,2013-2018,THA,EAP,2015-2019,C,2015,SES,HH,welfareused,2019,SES,HH,welfareused,2015,2019,2019,.87,gpwg
SM2021,2013-2018,VNM,EAP,2014-2018,C,2014,VHLSS,HH,welfareused,2018,VHLSS,HH,welfareused,2014,2018,2018,.87,gpwg
SM2021,2013-2018,BGR,ECA,2015-2018,I,2016,EU-SILC,IND,welfare,2019,EU-SILC,IND,welfare,2015,2018,2018,.87,eusilc
SM2021,2013-2018,BLR,ECA,2014-2019,C,2014,HHS,HH,welfare,2019,HHS,HH,welfare,2014,2019,2019,.87,gpwg
SM2021,2013-2018,CZE,ECA,2013-2018,I,2014,EU-SILC,IND,welfare,2019,EU-SILC,IND,welfare,2013,2018,2018,.87,eusilc
SM2021,2013-2018,EST,ECA,2013-2018,I,2014,EU-SILC,IND,welfare,2019,EU-SILC,IND,welfare,2013,2018,2018,.87,eusilc
SM2021,2013-2018,GEO,ECA,2014-2019,C,2014,HIS,IND,welfare,2019,HIS,HH,welfare,2014,2019,2019,.87,gpwg
SM2021,2013-2018,GRC,ECA,2013-2018,I,2014,EU-SILC,IND,welfare,2019,EU-SILC,IND,welfare,2013,2018,2018,.87,eusilc
SM2021,2013-2018,HRV,ECA,2013-2018,I,2014,EU-SILC,IND,welfare,2019,EU-SILC,IND,welfare,2013,2018,2018,.87,eusilc
SM2021,2013-2018,HUN,ECA,2013-2018,I,2014,EU-SILC,IND,welfare,2019,EU-SILC,IND,welfare,2013,2018,2018,.87,eusilc
SM2021,2013-2018,KAZ,ECA,2013-2018,C,2013,HBS,IND,welfare,2018,HBS,HH,welfare,2013,2018,2018,.87,gpwg
SM2021,2013-2018,KGZ,ECA,2014-2019,C,2014,KIHS,IND,welfare,2019,KIHS,HH,welfare,2014,2019,2019,.87,gpwg
SM2021,2013-2018,LTU,ECA,2013-2018,I,2014,EU-SILC,IND,welfare,2019,EU-SILC,IND,welfare,2013,2018,2018,.87,eusilc
SM2021,2013-2018,LVA,ECA,2013-2018,I,2014,EU-SILC,IND,welfare,2019,EU-SILC,IND,welfare,2013,2018,2018,.87,eusilc
SM2021,2013-2018,MKD,ECA,2013-2018,I,2014,SILC-C,IND,welfare,2019,SILC-C,IND,welfare,2013,2018,2018,.87,gpwg
SM2021,2013-2018,MNE,ECA,2012-2016,I,2013,SILC-C,IND,welfare,2017,SILC-C,HH,welfare,2012,2016,2016,.87,gpwg
SM2021,2013-2018,POL,ECA,2013-2018,I,2014,EU-SILC,IND,welfare,2019,EU-SILC,IND,welfare,2013,2018,2018,.87,eusilc
SM2021,2013-2018,ROU,ECA,2013-2018,I,2014,EU-SILC,IND,welfare,2019,EU-SILC,IND,welfare,2013,2018,2018,.87,eusilc
SM2021,2013-2018,SVK,ECA,2013-2018,I,2014,EU-SILC,IND,welfare,2019,EU-SILC,IND,welfare,2013,2018,2018,.87,eusilc
SM2021,2013-2018,SVN,ECA,2013-2018,I,2014,EU-SILC,IND,welfare,2019,EU-SILC,IND,welfare,2013,2018,2018,.87,eusilc
SM2021,2013-2018,TUR,ECA,2014-2019,C,2014,HICES,IND,welfare,2019,HICES,IND,welfare,2014,2019,2019,.87,gpwg
SM2021,2013-2018,UKR,ECA,2014-2019,C,2014,HLCS,HH,welfare,2019,HLCS,HH,welfare,2014,2019,2019,.87,gpwg
SM2021,2013-2018,ARG,LAC,2014-2019,I,2014,EPHC-S2,IND,welfare,2019,EPHC-S2,IND,welfare,2014,2019,2019,.87,gpwg
SM2021,2013-2018,BOL,LAC,2014-2019,I,2014,EH,IND,welfare,2019,EH,IND,welfare,2014,2019,2019,.87,gpwg
SM2021,2013-2018,BRA,LAC,2014-2019,I,2014,PNADC-E1,IND,welfare,2019,PNADC-E1,IND,welfare,2014,2019,2019,.87,gpwg
SM2021,2013-2018,COL,LAC,2014-2019,I,2014,GEIH,IND,welfare,2019,GEIH,IND,welfare,2014,2019,2019,.87,gpwg
SM2021,2013-2018,CRI,LAC,2014-2019,I,2014,ENAHO,IND,welfare,2019,ENAHO,IND,welfare,2014,2019,2019,.87,gpwg
SM2021,2013-2018,ECU,LAC,2014-2019,I,2014,ENEMDU,IND,welfare,2019,ENEMDU,IND,welfare,2014,2019,2019,.87,gpwg
SM2021,2013-2018,HND,LAC,2014-2019,I,2014,EPHPM,IND,welfare,2019,EPHPM,IND,welfare,2014,2019,2019,.87,gpwg
SM2021,2013-2018,PAN,LAC,2014-2019,I,2014,EH,IND,welfare,2019,EH,IND,welfare,2014,2019,2019,.87,gpwg
SM2021,2013-2018,PER,LAC,2014-2019,I,2014,ENAHO,IND,welfare,2019,ENAHO,IND,welfare,2014,2019,2019,.87,gpwg
SM2021,2013-2018,PRY,LAC,2014-2019,I,2014,EPH,IND,welfare,2019,EPH,IND,welfare,2014,2019,2019,.87,gpwg
SM2021,2013-2018,SLV,LAC,2014-2019,I,2014,EHPM,IND,welfare,2019,EHPM,IND,welfare,2014,2019,2019,.87,gpwg
SM2021,2013-2018,URY,LAC,2014-2019,I,2014,ECH,IND,welfare,2019,ECH,IND,welfare,2014,2019,2019,.87,gpwg
SM2021,2013-2018,IRN,MNA,2013-2018,C,2013,HEIS,HH,welfare,2018,HEIS,HH,welfare,2013.23,2018.23,2018,.87,gpwg
SM2021,2013-2018,PAK,SAR,2013-2018,C,2013,HIES,IND,welfare,2018,HIES,IND,welfare,2013.5,2018.5,2018,.87,gpwg
SM2021,2013-2018,SYC,SSA,2013-2018,I,2013,HBS,HH,welfare,2018,HBS,HH,welfare,2013,2018.08,2018,.87,gpwg
SM2021,2013-2018,TZA,SSA,2011-2017,C,2011,HBS,HH,welfare,2018,HBS,HH,welfare,2011.77,2017.92,2018,.87,gpwg
SM2021,2013-2018,ZWE,SSA,2011-2017,C,2011,ICES,GROUP,welfare,2017,PICES,HH,welfare,2011,2017,2017,.87,gpwg
SM2021,2013-2018,AUT,ECA-HI,2013-2018,I,2014,EU-SILC,IND,welfare,2019,EU-SILC,IND,welfare,2013,2018,2018,.87,eusilc
SM2021,2013-2018,BEL,ECA-HI,2013-2018,I,2014,EU-SILC,IND,welfare,2019,EU-SILC,IND,welfare,2013,2018,2018,.87,eusilc
SM2021,2013-2018,CHE,ECA-HI,2013-2018,I,2014,EU-SILC,IND,welfare,2019,EU-SILC,IND,welfare,2013,2018,2018,.87,eusilc
SM2021,2013-2018,CYP,ECA-HI,2013-2018,I,2014,EU-SILC,IND,welfare,2019,EU-SILC,IND,welfare,2013,2018,2018,.87,eusilc
SM2021,2013-2018,DNK,ECA-HI,2013-2018,I,2014,EU-SILC,IND,welfare,2019,EU-SILC,IND,welfare,2013,2018,2018,.87,eusilc
SM2021,2013-2018,ESP,ECA-HI,2013-2018,I,2014,EU-SILC,IND,welfare,2019,EU-SILC,IND,welfare,2013,2018,2018,.87,eusilc
SM2021,2013-2018,FIN,ECA-HI,2013-2018,I,2014,EU-SILC,IND,welfare,2019,EU-SILC,IND,welfare,2013,2018,2018,.87,eusilc
SM2021,2013-2018,FRA,ECA-HI,2013-2018,I,2014,EU-SILC,IND,welfare,2019,EU-SILC,IND,welfare,2013,2018,2018,.87,eusilc
SM2021,2013-2018,GBR,ECA-HI,2012-2017,I,2013,EU-SILC,IND,welfare,2018,EU-SILC,IND,welfare,2012,2017,2017,.87,eusilc
SM2021,2013-2018,IRL,ECA-HI,2012-2017,I,2013,EU-SILC,IND,welfare,2018,EU-SILC,IND,welfare,2012,2017,2017,.87,eusilc
SM2021,2013-2018,ISL,ECA-HI,2012-2017,I,2013,EU-SILC,IND,welfare,2018,EU-SILC,IND,welfare,2012,2017,2017,.87,eusilc
SM2021,2013-2018,LUX,ECA-HI,2013-2018,I,2014,EU-SILC,IND,welfare,2019,EU-SILC,IND,welfare,2013,2018,2018,.87,eusilc
SM2021,2013-2018,NLD,ECA-HI,2013-2018,I,2014,EU-SILC,IND,welfare,2019,EU-SILC,IND,welfare,2013,2018,2018,.87,eusilc
SM2021,2013-2018,NOR,ECA-HI,2013-2018,I,2014,EU-SILC,IND,welfare,2019,EU-SILC,IND,welfare,2013,2018,2018,.87,eusilc
SM2021,2013-2018,PRT,ECA-HI,2013-2018,I,2014,EU-SILC,IND,welfare,2019,EU-SILC,IND,welfare,2013,2018,2018,.87,eusilc
SM2021,2013-2018,SWE,ECA-HI,2013-2018,I,2014,EU-SILC,IND,welfare,2019,EU-SILC,IND,welfare,2013,2018,2018,.87,eusilc
SM2021,2013-2018,MLT,ECA-HI,2013-2018,I,2014,EU-SILC,IND,welfare,2019,EU-SILC,IND,welfare,2013,2018,2018,.87,eusilc
SM2021,2013-2018,USA,HI,2013-2018,I,2013,CPS-ASEC-LIS,HH,welfare,2018,CPS-ASEC-LIS,HH,welfare,2013,2018,2018,.87,pcn
SM2021,2013-2018,ISR,HI,2012-2016,I,2012,HES-LIS,HH,welfare,2016,HES-LIS,HH,welfare,2012,2016,2016,.87,pcn
SM2021,2013-2018,ARE,HI,2013-2018,I,2014,HIES,HH,welfare,2019,HIES,HH,welfare,2013.42,2018,2018,.87,pcn
SM2021,2013-2018,KOR,HI,2012-2016,I,2012,HIES-FHES-LIS,HH,welfare,2016,HIES-FHES-LIS,HH,welfare,2012,2016,2016,.87,pcn
